"1470275868","f04ebfe90e75528b85d59018485af049","::ffff:127.0.0.1","Mozilla/5.0 (Windows NT 10.0; WOW64) AppleWebKit/537.36 (KHTML, like Gecko) Chrome/54.0.2816.0 Safari/537.36","test",
"1470275880","00cf7f6cd484ae6b00ccf31d1c7aad03","::ffff:127.0.0.1","Mozilla/5.0 (Windows NT 10.0; WOW64) AppleWebKit/537.36 (KHTML, like Gecko) Chrome/54.0.2816.0 Safari/537.36","dasdsaasa",
"1470275888","00cf7f6cd484ae6b00ccf31d1c7aad03","::ffff:127.0.0.1","Mozilla/5.0 (Windows NT 10.0; WOW64) AppleWebKit/537.36 (KHTML, like Gecko) Chrome/54.0.2816.0 Safari/537.36","dadasdsa",
"1470275890","00cf7f6cd484ae6b00ccf31d1c7aad03","::ffff:127.0.0.1","Mozilla/5.0 (Windows NT 10.0; WOW64) AppleWebKit/537.36 (KHTML, like Gecko) Chrome/54.0.2816.0 Safari/537.36","dadasdsa",
"1470275891","00cf7f6cd484ae6b00ccf31d1c7aad03","::ffff:127.0.0.1","Mozilla/5.0 (Windows NT 10.0; WOW64) AppleWebKit/537.36 (KHTML, like Gecko) Chrome/54.0.2816.0 Safari/537.36","dadasdsa",
"1470275893","00cf7f6cd484ae6b00ccf31d1c7aad03","::ffff:127.0.0.1","Mozilla/5.0 (Windows NT 10.0; WOW64) AppleWebKit/537.36 (KHTML, like Gecko) Chrome/54.0.2816.0 Safari/537.36","dadasdsa",
"1470275896","00cf7f6cd484ae6b00ccf31d1c7aad03","::ffff:127.0.0.1","Mozilla/5.0 (Windows NT 10.0; WOW64) AppleWebKit/537.36 (KHTML, like Gecko) Chrome/54.0.2816.0 Safari/537.36","dadasdsa",
"1470275898","00cf7f6cd484ae6b00ccf31d1c7aad03","::ffff:127.0.0.1","Mozilla/5.0 (Windows NT 10.0; WOW64) AppleWebKit/537.36 (KHTML, like Gecko) Chrome/54.0.2816.0 Safari/537.36","dadasdsa",
"1470275899","00cf7f6cd484ae6b00ccf31d1c7aad03","::ffff:127.0.0.1","Mozilla/5.0 (Windows NT 10.0; WOW64) AppleWebKit/537.36 (KHTML, like Gecko) Chrome/54.0.2816.0 Safari/537.36","dadasdsa",
"1470275912","00cf7f6cd484ae6b00ccf31d1c7aad03","::ffff:127.0.0.1","Mozilla/5.0 (Windows NT 10.0; WOW64) AppleWebKit/537.36 (KHTML, like Gecko) Chrome/54.0.2816.0 Safari/537.36","dadasdsa",
"1470275913","00cf7f6cd484ae6b00ccf31d1c7aad03","::ffff:127.0.0.1","Mozilla/5.0 (Windows NT 10.0; WOW64) AppleWebKit/537.36 (KHTML, like Gecko) Chrome/54.0.2816.0 Safari/537.36","dadasdsa",
"1470276867","00cf7f6cd484ae6b00ccf31d1c7aad03","::ffff:127.0.0.1","Mozilla/5.0 (Windows NT 10.0; WOW64) AppleWebKit/537.36 (KHTML, like Gecko) Chrome/54.0.2816.0 Safari/537.36","dadasdsa",
